day,rabbit,sex,behavior
2020-11-05,Nibbles,M,good
2020-11-06,Oscar,M,good
2020-11-06,Triumph,F,bad
2020-11-07,Triumph,F,good
2020-11-07,Myrtle,F,bad
2020-11-08,Nibbles,M,good
2020-11-08,Hannah,F,bad
2020-11-09,Evangeline,F,good
2020-11-09,Myrtle,F,bad
2020-11-10,Oscar,M,good
2020-11-10,Myrtle,F,bad
2020-11-11,Nibbles,M,good
2020-11-11,Myrtle,F,bad
2020-11-12,Triumph,F,good
2020-11-13,Nibbles,M,good
2020-11-13,Evangeline,F,bad
2020-11-14,Nibbles,M,good
2020-11-14,Triumph,F,bad
2020-11-15,Triumph,F,good
2020-11-15,Myrtle,F,bad
2020-11-16,Oscar,M,good
2020-11-16,Myrtle,F,bad
2020-11-17,Nibbles,M,good
2020-11-17,Myrtle,F,bad
2020-11-18,Hannah,F,good
2020-11-19,Hannah,F,good
2020-11-19,Triumph,F,bad
2020-11-20,Evangeline,F,good
2020-11-20,Myrtle,F,bad
2020-11-21,Hannah,F,good
2020-11-22,Oscar,M,good
2020-11-22,Myrtle,F,bad
2020-11-23,Hannah,F,good
2020-11-23,Oscar,M,bad
2020-11-24,Oscar,M,good
2020-11-24,Myrtle,F,bad
2020-11-25,Evangeline,F,good
2020-11-25,Triumph,F,bad
2020-11-26,Triumph,F,good
2020-11-27,Evangeline,F,good
2020-11-27,Triumph,F,bad
2020-11-28,Oscar,M,good
2020-11-28,Triumph,F,bad
2020-11-29,Oscar,M,good
2020-11-29,Myrtle,F,bad
2020-11-30,Evangeline,F,good
2020-11-30,Triumph,F,bad
2020-12-01,Hannah,F,good
2020-12-01,Myrtle,F,bad
2020-12-02,Oscar,M,good
2020-12-02,Nibbles,M,bad
2020-12-03,Nibbles,M,good
2020-12-03,Myrtle,F,bad
2020-12-04,Oscar,M,good
2020-12-04,Triumph,F,bad
2020-12-05,Evangeline,F,good
2020-12-05,Myrtle,F,bad
2020-12-06,Oscar,M,good
2020-12-06,Triumph,F,bad
2020-12-07,Evangeline,F,good
2020-12-07,Oscar,M,bad
2020-12-08,Myrtle,F,good
2020-12-09,Hannah,F,good
2020-12-09,Oscar,M,bad
2020-12-10,Nibbles,M,good
2020-12-10,Myrtle,F,bad
2020-12-11,Oscar,M,good
2020-12-11,Myrtle,F,bad
2020-12-12,Myrtle,F,good
2020-12-12,Evangeline,F,bad
2020-12-13,Nibbles,M,good
2020-12-13,Myrtle,F,bad
2020-12-14,Triumph,F,good
2020-12-14,Oscar,M,bad
2020-12-15,Nibbles,M,good
2020-12-15,Triumph,F,bad
2020-12-16,Oscar,M,good
2020-12-17,Nibbles,M,good
2020-12-17,Triumph,F,bad
2020-12-18,Evangeline,F,good
2020-12-18,Myrtle,F,bad
2020-12-19,Hannah,F,good
2020-12-19,Myrtle,F,bad
2020-12-20,Nibbles,M,good
2020-12-20,Evangeline,F,bad
2020-12-21,Evangeline,F,good
2020-12-21,Triumph,F,bad
2020-12-22,Evangeline,F,good
2020-12-22,Myrtle,F,bad
2020-12-23,Nibbles,M,good
2020-12-23,Oscar,M,bad
2020-12-24,Hannah,F,good
2020-12-24,Oscar,M,bad
2020-12-25,Nibbles,M,good
2020-12-25,Myrtle,F,bad
2020-12-26,Hannah,F,good
2020-12-26,Triumph,F,bad
2020-12-27,Hannah,F,good
2020-12-27,Evangeline,F,bad
2020-12-28,Oscar,M,good
2020-12-28,Triumph,F,bad
2020-12-29,Myrtle,F,good
2020-12-29,Evangeline,F,bad
2020-12-30,Hannah,F,good
2020-12-30,Nibbles,M,bad
2020-12-31,Evangeline,F,good
2020-12-31,Myrtle,F,bad
2021-01-01,Nibbles,M,good
2021-01-01,Myrtle,F,bad
2021-01-02,Evangeline,F,good
2021-01-02,Myrtle,F,bad
2021-01-03,Evangeline,F,good
2021-01-03,Myrtle,F,bad
2021-01-04,Evangeline,F,good
2021-01-04,Myrtle,F,bad
2021-01-05,Evangeline,F,good
2021-01-05,Oscar,M,bad
2021-01-06,Evangeline,F,good
2021-01-06,Myrtle,F,bad
2021-01-07,Triumph,F,good
2021-01-08,Nibbles,M,good
2021-01-08,Triumph,F,bad
2021-01-09,Evangeline,F,good
2021-01-09,Myrtle,F,bad
2021-01-10,Oscar,M,good
2021-01-11,Hannah,F,good
2021-01-11,Oscar,M,bad
2021-01-12,Triumph,F,good
2021-01-12,Oscar,M,bad
2021-01-13,Nibbles,M,good
2021-01-13,Hannah,F,bad
2021-01-14,Oscar,M,good
2021-01-15,Nibbles,M,good
2021-01-15,Triumph,F,bad
2021-01-16,Hannah,F,good
2021-01-16,Myrtle,F,bad
2021-01-17,Triumph,F,good
2021-01-18,Evangeline,F,good
2021-01-18,Myrtle,F,bad
2021-01-19,Hannah,F,good
2021-01-19,Evangeline,F,bad
2021-01-20,Nibbles,M,good
2021-01-20,Oscar,M,bad
2021-01-21,Evangeline,F,good
2021-01-22,Triumph,F,good
2021-01-23,Evangeline,F,good
2021-01-23,Triumph,F,bad
2021-01-24,Triumph,F,good
2021-01-24,Myrtle,F,bad
2021-01-25,Evangeline,F,good
2021-01-25,Triumph,F,bad
2021-01-26,Evangeline,F,good
2021-01-26,Oscar,M,bad
2021-01-27,Hannah,F,good
2021-01-27,Evangeline,F,bad
2021-01-28,Oscar,M,good
2021-01-28,Myrtle,F,bad
2021-01-29,Triumph,F,good
2021-01-30,Oscar,M,good
2021-01-30,Myrtle,F,bad
2021-01-31,Evangeline,F,good
2021-02-01,Hannah,F,good
2021-02-01,Evangeline,F,bad
2021-02-02,Triumph,F,good
2021-02-03,Evangeline,F,good
2021-02-03,Oscar,M,bad
2021-02-04,Oscar,M,good
2021-02-04,Nibbles,M,bad
2021-02-05,Oscar,M,good
2021-02-05,Myrtle,F,bad
2021-02-06,Triumph,F,good
2021-02-06,Evangeline,F,bad
2021-02-07,Nibbles,M,good
2021-02-07,Myrtle,F,bad
2021-02-08,Hannah,F,good
2021-02-08,Triumph,F,bad
2021-02-09,Hannah,F,good
2021-02-09,Triumph,F,bad
2021-02-10,Triumph,F,good
2021-02-10,Nibbles,M,bad
2021-02-11,Hannah,F,good
2021-02-11,Oscar,M,bad
2021-02-12,Nibbles,M,good
2021-02-12,Oscar,M,bad
2021-02-13,Triumph,F,good
2021-02-14,Evangeline,F,good
2021-02-15,Evangeline,F,good
2021-02-15,Myrtle,F,bad
2021-02-16,Oscar,M,good
2021-02-16,Myrtle,F,bad
2021-02-17,Nibbles,M,good
2021-02-17,Myrtle,F,bad
2021-02-18,Nibbles,M,good
2021-02-19,Triumph,F,good
2021-02-20,Nibbles,M,good
2021-02-20,Myrtle,F,bad
2021-02-21,Triumph,F,good
2021-02-22,Hannah,F,good
2021-02-22,Oscar,M,bad
2021-02-23,Triumph,F,good
2021-02-23,Nibbles,M,bad
2021-02-24,Hannah,F,good
2021-02-24,Evangeline,F,bad
2021-02-25,Hannah,F,good
2021-02-25,Myrtle,F,bad
2021-02-26,Oscar,M,good
2021-02-27,Oscar,M,good
2021-02-27,Myrtle,F,bad
2021-02-28,Hannah,F,good
2021-02-28,Oscar,M,bad
2021-03-01,Hannah,F,good
2021-03-01,Evangeline,F,bad
2021-03-02,Hannah,F,good
2021-03-02,Myrtle,F,bad
2021-03-03,Hannah,F,good
2021-03-03,Triumph,F,bad
2021-03-04,Hannah,F,good
2021-03-04,Myrtle,F,bad
2021-03-05,Hannah,F,good
2021-03-05,Evangeline,F,bad
2021-03-06,Oscar,M,good
2021-03-06,Triumph,F,bad
2021-03-07,Evangeline,F,good
2021-03-07,Myrtle,F,bad
2021-03-08,Myrtle,F,good
2021-03-09,Nibbles,M,good
2021-03-09,Myrtle,F,bad
2021-03-10,Nibbles,M,good
2021-03-10,Triumph,F,bad
2021-03-11,Evangeline,F,good
2021-03-12,Nibbles,M,good
2021-03-12,Myrtle,F,bad
2021-03-13,Oscar,M,good
2021-03-13,Nibbles,M,bad
2021-03-14,Nibbles,M,good
2021-03-14,Evangeline,F,bad
2021-03-15,Hannah,F,good
2021-03-15,Triumph,F,bad
2021-03-16,Oscar,M,good
2021-03-16,Triumph,F,bad
2021-03-17,Evangeline,F,good
2021-03-18,Oscar,M,good
2021-03-18,Myrtle,F,bad
2021-03-19,Nibbles,M,good
2021-03-19,Myrtle,F,bad
2021-03-20,Triumph,F,good
2021-03-20,Oscar,M,bad
2021-03-21,Hannah,F,good
2021-03-21,Oscar,M,bad
2021-03-22,Triumph,F,good
2021-03-23,Nibbles,M,good
2021-03-23,Hannah,F,bad
2021-03-24,Nibbles,M,good
2021-03-25,Triumph,F,good
2021-03-25,Evangeline,F,bad
2021-03-26,Oscar,M,good
2021-03-26,Evangeline,F,bad
2021-03-27,Nibbles,M,good
2021-03-27,Triumph,F,bad
2021-03-28,Triumph,F,good
2021-03-29,Hannah,F,good
2021-03-29,Myrtle,F,bad
2021-03-30,Evangeline,F,good
2021-03-30,Myrtle,F,bad
2021-03-31,Nibbles,M,good
2021-03-31,Myrtle,F,bad
2021-04-01,Evangeline,F,good
2021-04-01,Triumph,F,bad
2021-04-02,Triumph,F,good
2021-04-02,Myrtle,F,bad
2021-04-03,Evangeline,F,good
2021-04-03,Nibbles,M,bad
2021-04-04,Triumph,F,good
2021-04-04,Nibbles,M,bad
2021-04-05,Nibbles,M,good
2021-04-05,Oscar,M,bad
2021-04-06,Evangeline,F,good
2021-04-06,Oscar,M,bad
2021-04-07,Evangeline,F,good
2021-04-08,Nibbles,M,good
2021-04-08,Triumph,F,bad
2021-04-09,Oscar,M,good
2021-04-09,Myrtle,F,bad
2021-04-10,Triumph,F,good
2021-04-10,Myrtle,F,bad
2021-04-11,Nibbles,M,good
2021-04-12,Evangeline,F,good
2021-04-12,Triumph,F,bad
2021-04-13,Nibbles,M,good
2021-04-13,Oscar,M,bad
2021-04-14,Nibbles,M,good
2021-04-14,Oscar,M,bad
2021-04-15,Oscar,M,good
2021-04-15,Myrtle,F,bad
2021-04-16,Hannah,F,good
2021-04-16,Oscar,M,bad
2021-04-17,Nibbles,M,good
2021-04-17,Triumph,F,bad
2021-04-18,Nibbles,M,good
2021-04-18,Oscar,M,bad
2021-04-19,Nibbles,M,good
2021-04-19,Myrtle,F,bad
2021-04-20,Hannah,F,good
2021-04-20,Myrtle,F,bad
2021-04-21,Evangeline,F,good
2021-04-21,Triumph,F,bad
2021-04-22,Nibbles,M,good
2021-04-22,Evangeline,F,bad
2021-04-23,Triumph,F,good
2021-04-23,Nibbles,M,bad
2021-04-24,Nibbles,M,good
2021-04-24,Oscar,M,bad
2021-04-25,Nibbles,M,good
2021-04-25,Evangeline,F,bad
2021-04-26,Hannah,F,good
2021-04-26,Myrtle,F,bad
2021-04-27,Hannah,F,good
2021-04-27,Triumph,F,bad
2021-04-28,Nibbles,M,good
2021-04-28,Myrtle,F,bad
2021-04-29,Triumph,F,good
2021-04-30,Oscar,M,good
2021-04-30,Triumph,F,bad
2021-05-01,Oscar,M,good
2021-05-01,Myrtle,F,bad
2021-05-02,Oscar,M,good
2021-05-02,Nibbles,M,bad
2021-05-03,Nibbles,M,good
2021-05-03,Oscar,M,bad
2021-05-04,Hannah,F,good
2021-05-04,Myrtle,F,bad
2021-05-05,Hannah,F,good
2021-05-05,Myrtle,F,bad
2021-05-06,Nibbles,M,good
2021-05-06,Triumph,F,bad
2021-05-07,Hannah,F,good
2021-05-07,Triumph,F,bad
2021-05-08,Oscar,M,good
2021-05-08,Nibbles,M,bad
2021-05-09,Triumph,F,good
2021-05-09,Evangeline,F,bad
2021-05-10,Evangeline,F,good
2021-05-10,Triumph,F,bad
2021-05-11,Hannah,F,good
2021-05-11,Myrtle,F,bad
2021-05-12,Nibbles,M,good
2021-05-12,Triumph,F,bad
2021-05-13,Evangeline,F,good
2021-05-13,Myrtle,F,bad
2021-05-14,Evangeline,F,good
2021-05-14,Triumph,F,bad
2021-05-15,Hannah,F,good
2021-05-15,Myrtle,F,bad
2021-05-16,Evangeline,F,good
2021-05-16,Oscar,M,bad
2021-05-17,Hannah,F,good
2021-05-17,Triumph,F,bad
2021-05-18,Triumph,F,good
2021-05-18,Nibbles,M,bad
2021-05-19,Hannah,F,good
2021-05-19,Nibbles,M,bad
2021-05-20,Triumph,F,good
2021-05-20,Myrtle,F,bad
2021-05-21,Oscar,M,good
2021-05-21,Triumph,F,bad
2021-05-22,Evangeline,F,good
2021-05-22,Triumph,F,bad
2021-05-23,Nibbles,M,good
2021-05-23,Triumph,F,bad
2021-05-24,Triumph,F,good
2021-05-24,Myrtle,F,bad
2021-05-25,Nibbles,M,good
2021-05-25,Myrtle,F,bad
2021-05-26,Oscar,M,good
2021-05-26,Evangeline,F,bad
2021-05-27,Triumph,F,good
2021-05-27,Myrtle,F,bad
2021-05-28,Hannah,F,good
2021-05-28,Triumph,F,bad
2021-05-29,Oscar,M,good
2021-05-29,Triumph,F,bad
2021-05-30,Hannah,F,good
2021-05-30,Evangeline,F,bad
2021-05-31,Oscar,M,good
2021-05-31,Evangeline,F,bad
2021-06-01,Hannah,F,good
2021-06-01,Oscar,M,bad
2021-06-02,Hannah,F,good
2021-06-02,Myrtle,F,bad
2021-06-03,Evangeline,F,good
2021-06-04,Hannah,F,good
2021-06-04,Myrtle,F,bad
2021-06-05,Evangeline,F,good
2021-06-05,Triumph,F,bad
2021-06-06,Evangeline,F,good
2021-06-06,Triumph,F,bad
2021-06-07,Oscar,M,good
2021-06-08,Evangeline,F,good
2021-06-08,Triumph,F,bad
2021-06-09,Oscar,M,good
2021-06-09,Myrtle,F,bad
2021-06-10,Hannah,F,good
2021-06-10,Evangeline,F,bad
2021-06-11,Evangeline,F,good
2021-06-11,Myrtle,F,bad
2021-06-12,Evangeline,F,good
2021-06-12,Triumph,F,bad
2021-06-13,Nibbles,M,good
2021-06-13,Myrtle,F,bad
2021-06-14,Evangeline,F,good
2021-06-14,Oscar,M,bad
2021-06-15,Hannah,F,good
2021-06-15,Nibbles,M,bad
2021-06-16,Oscar,M,good
2021-06-16,Nibbles,M,bad
2021-06-17,Nibbles,M,good
2021-06-17,Triumph,F,bad
2021-06-18,Triumph,F,good
2021-06-18,Myrtle,F,bad
2021-06-19,Nibbles,M,good
2021-06-19,Triumph,F,bad
2021-06-20,Evangeline,F,good
2021-06-20,Triumph,F,bad
2021-06-21,Hannah,F,good
2021-06-21,Nibbles,M,bad
2021-06-22,Hannah,F,good
2021-06-22,Oscar,M,bad
2021-06-23,Hannah,F,good
2021-06-23,Myrtle,F,bad
2021-06-24,Triumph,F,good
2021-06-24,Oscar,M,bad
2021-06-25,Hannah,F,good
2021-06-25,Triumph,F,bad
2021-06-26,Evangeline,F,good
2021-06-27,Hannah,F,good
2021-06-27,Myrtle,F,bad
2021-06-28,Evangeline,F,good
2021-06-28,Nibbles,M,bad
2021-06-29,Nibbles,M,good
2021-06-29,Myrtle,F,bad
2021-06-30,Oscar,M,good
2021-06-30,Evangeline,F,bad
2021-07-01,Nibbles,M,good
2021-07-01,Oscar,M,bad
2021-07-02,Hannah,F,good
2021-07-02,Evangeline,F,bad
2021-07-03,Oscar,M,good
2021-07-03,Myrtle,F,bad
2021-07-04,Hannah,F,good
2021-07-04,Triumph,F,bad
2021-07-05,Hannah,F,good
2021-07-05,Evangeline,F,bad
2021-07-06,Hannah,F,good
2021-07-06,Myrtle,F,bad
2021-07-07,Nibbles,M,good
2021-07-08,Nibbles,M,good
2021-07-08,Evangeline,F,bad
2021-07-09,Hannah,F,good
2021-07-09,Evangeline,F,bad
2021-07-10,Hannah,F,good
2021-07-10,Triumph,F,bad
2021-07-11,Oscar,M,good
2021-07-12,Evangeline,F,good
2021-07-12,Oscar,M,bad
2021-07-13,Nibbles,M,good
2021-07-13,Oscar,M,bad
2021-07-14,Nibbles,M,good
2021-07-14,Evangeline,F,bad
2021-07-15,Hannah,F,good
2021-07-15,Triumph,F,bad
2021-07-16,Myrtle,F,good
2021-07-17,Hannah,F,good
2021-07-17,Oscar,M,bad
2021-07-18,Hannah,F,good
2021-07-18,Triumph,F,bad
2021-07-19,Oscar,M,good
2021-07-20,Hannah,F,good
2021-07-20,Triumph,F,bad
2021-07-21,Oscar,M,good
2021-07-21,Evangeline,F,bad
2021-07-22,Triumph,F,good
2021-07-22,Myrtle,F,bad
2021-07-23,Nibbles,M,good
2021-07-23,Myrtle,F,bad
2021-07-24,Oscar,M,good
2021-07-24,Nibbles,M,bad
2021-07-25,Nibbles,M,good
2021-07-25,Myrtle,F,bad
2021-07-26,Hannah,F,good
2021-07-26,Evangeline,F,bad
2021-07-27,Nibbles,M,good
2021-07-27,Evangeline,F,bad
2021-07-28,Hannah,F,good
2021-07-28,Myrtle,F,bad
2021-07-29,Triumph,F,good
2021-07-29,Oscar,M,bad
2021-07-30,Oscar,M,good
2021-07-30,Evangeline,F,bad
2021-07-31,Oscar,M,good
2021-07-31,Triumph,F,bad
2021-08-01,Triumph,F,good
2021-08-02,Hannah,F,good
2021-08-02,Oscar,M,bad
2021-08-03,Nibbles,M,good
2021-08-04,Hannah,F,good
2021-08-04,Evangeline,F,bad
2021-08-05,Nibbles,M,good
2021-08-05,Myrtle,F,bad
2021-08-06,Hannah,F,good
2021-08-06,Triumph,F,bad
2021-08-07,Oscar,M,good
2021-08-07,Evangeline,F,bad
2021-08-08,Hannah,F,good
2021-08-08,Myrtle,F,bad
2021-08-09,Hannah,F,good
2021-08-09,Myrtle,F,bad
2021-08-10,Nibbles,M,good
2021-08-10,Evangeline,F,bad
2021-08-11,Oscar,M,good
2021-08-11,Evangeline,F,bad
2021-08-12,Hannah,F,good
2021-08-12,Myrtle,F,bad
2021-08-13,Evangeline,F,good
2021-08-13,Nibbles,M,bad
2021-08-14,Triumph,F,good
2021-08-15,Evangeline,F,good
2021-08-15,Triumph,F,bad
2021-08-16,Hannah,F,good
2021-08-16,Myrtle,F,bad
2021-08-17,Nibbles,M,good
2021-08-17,Evangeline,F,bad
2021-08-18,Hannah,F,good
2021-08-18,Myrtle,F,bad
2021-08-19,Nibbles,M,good
2021-08-19,Hannah,F,bad
2021-08-20,Evangeline,F,good
2021-08-20,Triumph,F,bad
2021-08-21,Oscar,M,good
2021-08-21,Myrtle,F,bad
2021-08-22,Nibbles,M,good
2021-08-23,Hannah,F,good
2021-08-23,Triumph,F,bad
2021-08-24,Triumph,F,good
2021-08-24,Nibbles,M,bad
2021-08-25,Evangeline,F,good
2021-08-25,Myrtle,F,bad
2021-08-26,Hannah,F,good
2021-08-26,Myrtle,F,bad
2021-08-27,Triumph,F,good
2021-08-27,Evangeline,F,bad
2021-08-28,Hannah,F,good
2021-08-28,Nibbles,M,bad
2021-08-29,Nibbles,M,good
2021-08-30,Hannah,F,good
2021-08-30,Evangeline,F,bad
2021-08-31,Evangeline,F,good
2021-08-31,Myrtle,F,bad
2021-09-01,Hannah,F,good
2021-09-01,Myrtle,F,bad
2021-09-02,Nibbles,M,good
2021-09-03,Oscar,M,good
2021-09-03,Evangeline,F,bad
2021-09-04,Hannah,F,good
2021-09-04,Evangeline,F,bad
2021-09-05,Hannah,F,good
2021-09-05,Oscar,M,bad
2021-09-06,Nibbles,M,good
2021-09-06,Triumph,F,bad
2021-09-07,Hannah,F,good
2021-09-07,Myrtle,F,bad
2021-09-08,Oscar,M,good
2021-09-08,Myrtle,F,bad
2021-09-09,Nibbles,M,good
2021-09-09,Oscar,M,bad
2021-09-10,Hannah,F,good
2021-09-10,Nibbles,M,bad
2021-09-11,Hannah,F,good
2021-09-11,Nibbles,M,bad
2021-09-12,Oscar,M,good
2021-09-13,Hannah,F,good
2021-09-13,Triumph,F,bad
2021-09-14,Oscar,M,good
2021-09-15,Triumph,F,good
2021-09-15,Myrtle,F,bad
2021-09-16,Hannah,F,good
2021-09-16,Evangeline,F,bad
2021-09-17,Triumph,F,good
2021-09-17,Nibbles,M,bad
2021-09-18,Oscar,M,good
2021-09-18,Myrtle,F,bad
2021-09-19,Triumph,F,good
2021-09-19,Evangeline,F,bad
2021-09-20,Evangeline,F,good
2021-09-20,Nibbles,M,bad
2021-09-21,Hannah,F,good
2021-09-21,Myrtle,F,bad
2021-09-22,Oscar,M,good
2021-09-22,Myrtle,F,bad
2021-09-23,Nibbles,M,good
2021-09-24,Evangeline,F,good
2021-09-24,Oscar,M,bad
2021-09-25,Nibbles,M,good
2021-09-25,Hannah,F,bad
2021-09-26,Nibbles,M,good
2021-09-26,Oscar,M,bad
2021-09-27,Oscar,M,good
2021-09-28,Oscar,M,good
2021-09-28,Evangeline,F,bad
2021-09-29,Hannah,F,good
2021-09-29,Myrtle,F,bad
2021-09-30,Evangeline,F,good
2021-09-30,Nibbles,M,bad
2021-10-01,Oscar,M,good
2021-10-01,Myrtle,F,bad
2021-10-02,Oscar,M,good
2021-10-03,Oscar,M,good
2021-10-03,Evangeline,F,bad
2021-10-04,Nibbles,M,good
2021-10-04,Oscar,M,bad
2021-10-05,Oscar,M,good
2021-10-05,Myrtle,F,bad
2021-10-06,Nibbles,M,good
2021-10-06,Myrtle,F,bad
2021-10-07,Hannah,F,good
2021-10-07,Evangeline,F,bad
2021-10-08,Triumph,F,good
2021-10-09,Oscar,M,good
2021-10-09,Triumph,F,bad
2021-10-10,Evangeline,F,good
2021-10-10,Oscar,M,bad
2021-10-11,Hannah,F,good
2021-10-11,Nibbles,M,bad
2021-10-12,Evangeline,F,good
2021-10-12,Triumph,F,bad
2021-10-13,Evangeline,F,good
2021-10-13,Myrtle,F,bad
2021-10-14,Nibbles,M,good
2021-10-14,Myrtle,F,bad
2021-10-15,Oscar,M,good
2021-10-15,Triumph,F,bad
2021-10-16,Nibbles,M,good
2021-10-16,Oscar,M,bad
2021-10-17,Evangeline,F,good
2021-10-18,Hannah,F,good
2021-10-18,Evangeline,F,bad
2021-10-19,Triumph,F,good
2021-10-20,Nibbles,M,good
2021-10-20,Myrtle,F,bad
2021-10-21,Oscar,M,good
2021-10-21,Evangeline,F,bad
2021-10-22,Oscar,M,good
2021-10-23,Hannah,F,good
2021-10-23,Myrtle,F,bad
2021-10-24,Evangeline,F,good
2021-10-24,Oscar,M,bad
2021-10-25,Oscar,M,good
2021-10-25,Triumph,F,bad
2021-10-26,Nibbles,M,good
2021-10-26,Myrtle,F,bad
2021-10-27,Nibbles,M,good
2021-10-27,Myrtle,F,bad
2021-10-28,Oscar,M,good
2021-10-28,Triumph,F,bad
2021-10-29,Triumph,F,good
2021-10-29,Nibbles,M,bad
2021-10-30,Nibbles,M,good
2021-10-30,Evangeline,F,bad
2021-10-31,Hannah,F,good
2021-10-31,Myrtle,F,bad
2021-11-01,Hannah,F,good
2021-11-01,Triumph,F,bad
2021-11-02,Hannah,F,good
2021-11-02,Myrtle,F,bad
2021-11-03,Hannah,F,good
2021-11-03,Triumph,F,bad
2021-11-04,Evangeline,F,good
2021-11-04,Nibbles,M,bad
2021-11-05,Hannah,F,good
2021-11-05,Myrtle,F,bad
2021-11-06,Myrtle,F,good
2021-11-06,Oscar,M,bad
2021-11-07,Evangeline,F,good
2021-11-08,Nibbles,M,good
2021-11-08,Oscar,M,bad
2021-11-09,Hannah,F,good
2021-11-09,Evangeline,F,bad
2021-11-10,Evangeline,F,good
2021-11-10,Nibbles,M,bad
2021-11-11,Evangeline,F,good
2021-11-11,Hannah,F,bad
2021-11-12,Triumph,F,good
2021-11-12,Myrtle,F,bad
2021-11-13,Evangeline,F,good
2021-11-13,Nibbles,M,bad
2021-11-14,Nibbles,M,good
2021-11-14,Oscar,M,bad
2021-11-15,Hannah,F,good
2021-11-15,Myrtle,F,bad
2021-11-16,Oscar,M,good
2021-11-16,Evangeline,F,bad
2021-11-17,Hannah,F,good
2021-11-17,Oscar,M,bad
2021-11-18,Hannah,F,good
2021-11-18,Myrtle,F,bad
2021-11-19,Myrtle,F,good
2021-11-19,Evangeline,F,bad
2021-11-20,Oscar,M,good
2021-11-20,Triumph,F,bad
2021-11-21,Evangeline,F,good
2021-11-22,Hannah,F,good
2021-11-22,Evangeline,F,bad
2021-11-23,Evangeline,F,good
2021-11-23,Nibbles,M,bad
2021-11-24,Oscar,M,good
2021-11-25,Hannah,F,good
2021-11-25,Oscar,M,bad
2021-11-26,Hannah,F,good
2021-11-26,Oscar,M,bad
2021-11-27,Evangeline,F,good
2021-11-27,Oscar,M,bad
2021-11-28,Evangeline,F,good
2021-11-28,Oscar,M,bad
2021-11-29,Oscar,M,good
2021-11-29,Evangeline,F,bad
2021-11-30,Nibbles,M,good
2021-11-30,Myrtle,F,bad
2021-12-01,Triumph,F,good
2021-12-01,Nibbles,M,bad
2021-12-02,Oscar,M,good
2021-12-02,Myrtle,F,bad
2021-12-03,Hannah,F,good
2021-12-03,Evangeline,F,bad
2021-12-04,Oscar,M,good
2021-12-04,Myrtle,F,bad
2021-12-05,Hannah,F,good
2021-12-05,Nibbles,M,bad
2021-12-06,Hannah,F,good
2021-12-06,Oscar,M,bad
2021-12-07,Hannah,F,good
2021-12-07,Myrtle,F,bad
2021-12-08,Nibbles,M,good
2021-12-08,Triumph,F,bad
2021-12-09,Oscar,M,good
2021-12-09,Triumph,F,bad
2021-12-10,Oscar,M,good
2021-12-10,Myrtle,F,bad
2021-12-11,Triumph,F,good
2021-12-11,Myrtle,F,bad
2021-12-12,Nibbles,M,good
2021-12-13,Triumph,F,good
2021-12-13,Oscar,M,bad
2021-12-14,Nibbles,M,good
2021-12-14,Myrtle,F,bad
2021-12-15,Hannah,F,good
2021-12-15,Nibbles,M,bad
2021-12-16,Oscar,M,good
2021-12-16,Triumph,F,bad
2021-12-17,Nibbles,M,good
2021-12-17,Evangeline,F,bad
2021-12-18,Nibbles,M,good
2021-12-18,Myrtle,F,bad
2021-12-19,Hannah,F,good
2021-12-19,Myrtle,F,bad
2021-12-20,Nibbles,M,good
2021-12-20,Triumph,F,bad
2021-12-21,Hannah,F,good
2021-12-21,Evangeline,F,bad
2021-12-22,Nibbles,M,good
2021-12-22,Oscar,M,bad
2021-12-23,Triumph,F,good
2021-12-23,Oscar,M,bad
2021-12-24,Nibbles,M,good
2021-12-24,Myrtle,F,bad
2021-12-25,Evangeline,F,good
2021-12-25,Myrtle,F,bad
2021-12-26,Nibbles,M,good
2021-12-26,Oscar,M,bad
2021-12-27,Evangeline,F,good
2021-12-28,Triumph,F,good
2021-12-29,Triumph,F,good
2021-12-29,Myrtle,F,bad
2021-12-30,Evangeline,F,good
2021-12-30,Nibbles,M,bad
2021-12-31,Evangeline,F,good
2022-01-01,Nibbles,M,good
2022-01-01,Evangeline,F,bad
2022-01-02,Hannah,F,good
2022-01-02,Nibbles,M,bad
2022-01-03,Hannah,F,good
2022-01-03,Triumph,F,bad
2022-01-04,Nibbles,M,good
2022-01-04,Oscar,M,bad
2022-01-05,Oscar,M,good
2022-01-05,Myrtle,F,bad
2022-01-06,Nibbles,M,good
2022-01-06,Evangeline,F,bad
2022-01-07,Nibbles,M,good
2022-01-07,Evangeline,F,bad
2022-01-08,Hannah,F,good
2022-01-08,Myrtle,F,bad
2022-01-09,Triumph,F,good
2022-01-09,Nibbles,M,bad
2022-01-10,Nibbles,M,good
2022-01-10,Myrtle,F,bad
2022-01-11,Hannah,F,good
2022-01-11,Myrtle,F,bad
2022-01-12,Nibbles,M,good
2022-01-12,Myrtle,F,bad
2022-01-13,Nibbles,M,good
2022-01-14,Nibbles,M,good
2022-01-14,Myrtle,F,bad
2022-01-15,Oscar,M,good
2022-01-15,Myrtle,F,bad
2022-01-16,Oscar,M,good
2022-01-16,Triumph,F,bad
2022-01-17,Triumph,F,good
2022-01-18,Nibbles,M,good
2022-01-19,Nibbles,M,good
2022-01-19,Evangeline,F,bad
2022-01-20,Triumph,F,good
2022-01-20,Nibbles,M,bad
2022-01-21,Nibbles,M,good
2022-01-22,Triumph,F,good
2022-01-22,Myrtle,F,bad
2022-01-23,Evangeline,F,good
2022-01-24,Hannah,F,good
2022-01-24,Myrtle,F,bad
2022-01-25,Evangeline,F,good
2022-01-25,Myrtle,F,bad
2022-01-26,Nibbles,M,good
2022-01-27,Nibbles,M,good
2022-01-27,Oscar,M,bad
2022-01-28,Hannah,F,good
2022-01-28,Oscar,M,bad
2022-01-29,Evangeline,F,good
2022-01-29,Nibbles,M,bad
2022-01-30,Triumph,F,good
2022-01-30,Myrtle,F,bad
2022-01-31,Oscar,M,good
2022-01-31,Triumph,F,bad
2022-02-01,Oscar,M,good
2022-02-01,Evangeline,F,bad
2022-02-02,Hannah,F,good
2022-02-02,Myrtle,F,bad
2022-02-03,Nibbles,M,good
2022-02-03,Evangeline,F,bad
2022-02-04,Hannah,F,good
2022-02-04,Triumph,F,bad
2022-02-05,Evangeline,F,good
2022-02-05,Myrtle,F,bad
2022-02-06,Triumph,F,good
2022-02-07,Hannah,F,good
2022-02-07,Evangeline,F,bad
2022-02-08,Hannah,F,good
2022-02-08,Triumph,F,bad
2022-02-09,Oscar,M,good
2022-02-09,Triumph,F,bad
2022-02-10,Nibbles,M,good
2022-02-10,Myrtle,F,bad
2022-02-11,Oscar,M,good
2022-02-11,Evangeline,F,bad
2022-02-12,Nibbles,M,good
2022-02-12,Triumph,F,bad
2022-02-13,Hannah,F,good
2022-02-13,Oscar,M,bad
2022-02-14,Hannah,F,good
2022-02-14,Triumph,F,bad
2022-02-15,Hannah,F,good
2022-02-15,Evangeline,F,bad
2022-02-16,Oscar,M,good
2022-02-16,Triumph,F,bad
2022-02-17,Triumph,F,good
2022-02-18,Nibbles,M,good
2022-02-18,Triumph,F,bad
2022-02-19,Hannah,F,good
2022-02-19,Oscar,M,bad
2022-02-20,Hannah,F,good
2022-02-20,Oscar,M,bad
2022-02-21,Evangeline,F,good
2022-02-21,Triumph,F,bad
2022-02-22,Hannah,F,good
2022-02-22,Nibbles,M,bad
2022-02-23,Evangeline,F,good
2022-02-23,Nibbles,M,bad
2022-02-24,Nibbles,M,good
2022-02-24,Evangeline,F,bad
2022-02-25,Nibbles,M,good
2022-02-25,Triumph,F,bad
2022-02-26,Hannah,F,good
2022-02-26,Triumph,F,bad
2022-02-27,Hannah,F,good
2022-02-27,Nibbles,M,bad
2022-02-28,Evangeline,F,good
2022-02-28,Nibbles,M,bad
2022-03-01,Myrtle,F,good
2022-03-02,Nibbles,M,good
2022-03-02,Triumph,F,bad
2022-03-03,Hannah,F,good
2022-03-03,Myrtle,F,bad
2022-03-04,Oscar,M,good
2022-03-04,Myrtle,F,bad
2022-03-05,Oscar,M,good
2022-03-05,Myrtle,F,bad
2022-03-06,Nibbles,M,good
2022-03-06,Myrtle,F,bad
2022-03-07,Oscar,M,good
2022-03-08,Hannah,F,good
2022-03-08,Myrtle,F,bad
2022-03-09,Nibbles,M,good
2022-03-09,Myrtle,F,bad
2022-03-10,Triumph,F,good
2022-03-11,Evangeline,F,good
2022-03-11,Myrtle,F,bad
2022-03-12,Nibbles,M,good
2022-03-12,Triumph,F,bad
2022-03-13,Hannah,F,good
2022-03-13,Myrtle,F,bad
2022-03-14,Hannah,F,good
2022-03-14,Evangeline,F,bad
2022-03-15,Evangeline,F,good
2022-03-15,Hannah,F,bad
2022-03-16,Evangeline,F,good
2022-03-16,Hannah,F,bad
2022-03-17,Evangeline,F,good
2022-03-17,Triumph,F,bad
2022-03-18,Triumph,F,good
2022-03-18,Myrtle,F,bad
2022-03-19,Evangeline,F,good
2022-03-19,Myrtle,F,bad
2022-03-20,Hannah,F,good
2022-03-20,Nibbles,M,bad
2022-03-21,Hannah,F,good
2022-03-21,Evangeline,F,bad
2022-03-22,Oscar,M,good
2022-03-23,Oscar,M,good
2022-03-24,Hannah,F,good
2022-03-24,Triumph,F,bad
2022-03-25,Evangeline,F,good
2022-03-25,Nibbles,M,bad
2022-03-26,Evangeline,F,good
2022-03-27,Hannah,F,good
2022-03-27,Triumph,F,bad
2022-03-28,Oscar,M,good
2022-03-29,Nibbles,M,good
2022-03-29,Myrtle,F,bad
2022-03-30,Hannah,F,good
2022-03-30,Myrtle,F,bad
2022-03-31,Nibbles,M,good
2022-03-31,Oscar,M,bad
2022-04-01,Nibbles,M,good
2022-04-01,Myrtle,F,bad
2022-04-02,Oscar,M,good
2022-04-02,Triumph,F,bad
2022-04-03,Nibbles,M,good
2022-04-03,Oscar,M,bad
2022-04-04,Evangeline,F,good
2022-04-04,Myrtle,F,bad
2022-04-05,Nibbles,M,good
2022-04-05,Triumph,F,bad
2022-04-06,Oscar,M,good
2022-04-06,Evangeline,F,bad
2022-04-07,Nibbles,M,good
2022-04-07,Triumph,F,bad
2022-04-08,Hannah,F,good
2022-04-08,Evangeline,F,bad
2022-04-09,Hannah,F,good
2022-04-09,Triumph,F,bad
2022-04-10,Triumph,F,good
2022-04-10,Nibbles,M,bad
2022-04-11,Hannah,F,good
2022-04-11,Evangeline,F,bad
2022-04-12,Nibbles,M,good
2022-04-13,Triumph,F,good
2022-04-13,Evangeline,F,bad
2022-04-14,Oscar,M,good
2022-04-14,Nibbles,M,bad
2022-04-15,Oscar,M,good
2022-04-15,Myrtle,F,bad
2022-04-16,Oscar,M,good
2022-04-16,Triumph,F,bad
2022-04-17,Hannah,F,good
2022-04-17,Nibbles,M,bad
2022-04-18,Triumph,F,good
2022-04-18,Myrtle,F,bad
2022-04-19,Oscar,M,good
2022-04-20,Nibbles,M,good
2022-04-20,Oscar,M,bad
2022-04-21,Evangeline,F,good
2022-04-21,Oscar,M,bad
2022-04-22,Hannah,F,good
2022-04-22,Myrtle,F,bad
2022-04-23,Hannah,F,good
2022-04-23,Triumph,F,bad
2022-04-24,Hannah,F,good
2022-04-24,Myrtle,F,bad
2022-04-25,Evangeline,F,good
2022-04-25,Triumph,F,bad
2022-04-26,Nibbles,M,good
2022-04-26,Evangeline,F,bad
2022-04-27,Oscar,M,good
2022-04-27,Nibbles,M,bad
2022-04-28,Hannah,F,good
2022-04-28,Myrtle,F,bad
2022-04-29,Hannah,F,good
2022-04-29,Myrtle,F,bad
2022-04-30,Nibbles,M,good
2022-04-30,Myrtle,F,bad
2022-05-01,Hannah,F,good
2022-05-01,Oscar,M,bad
2022-05-02,Nibbles,M,good
2022-05-02,Evangeline,F,bad
2022-05-03,Nibbles,M,good
2022-05-03,Evangeline,F,bad
2022-05-04,Oscar,M,good
2022-05-04,Triumph,F,bad
2022-05-05,Hannah,F,good
2022-05-05,Myrtle,F,bad
2022-05-06,Oscar,M,good
2022-05-06,Triumph,F,bad
2022-05-07,Nibbles,M,good
2022-05-07,Oscar,M,bad
2022-05-08,Hannah,F,good
2022-05-08,Myrtle,F,bad
2022-05-09,Hannah,F,good
2022-05-09,Myrtle,F,bad
2022-05-10,Triumph,F,good
2022-05-10,Myrtle,F,bad
2022-05-11,Oscar,M,good
2022-05-11,Nibbles,M,bad
2022-05-12,Evangeline,F,good
2022-05-12,Triumph,F,bad
2022-05-13,Hannah,F,good
2022-05-13,Nibbles,M,bad
2022-05-14,Hannah,F,good
2022-05-14,Nibbles,M,bad
2022-05-15,Evangeline,F,good
2022-05-15,Myrtle,F,bad
2022-05-16,Hannah,F,good
2022-05-16,Myrtle,F,bad
2022-05-17,Hannah,F,good
2022-05-17,Evangeline,F,bad
2022-05-18,Triumph,F,good
2022-05-18,Nibbles,M,bad
2022-05-19,Oscar,M,good
2022-05-19,Triumph,F,bad
2022-05-20,Evangeline,F,good
2022-05-20,Triumph,F,bad
2022-05-21,Nibbles,M,good
2022-05-21,Myrtle,F,bad
2022-05-22,Triumph,F,good
2022-05-23,Oscar,M,good
2022-05-23,Evangeline,F,bad
2022-05-24,Oscar,M,good
2022-05-25,Nibbles,M,good
2022-05-25,Myrtle,F,bad
2022-05-26,Nibbles,M,good
2022-05-26,Myrtle,F,bad
2022-05-27,Evangeline,F,good
2022-05-28,Oscar,M,good
2022-05-28,Triumph,F,bad
2022-05-29,Hannah,F,good
2022-05-29,Oscar,M,bad
2022-05-30,Hannah,F,good
2022-05-30,Triumph,F,bad
2022-05-31,Nibbles,M,good
2022-05-31,Triumph,F,bad
2022-06-01,Nibbles,M,good
2022-06-01,Triumph,F,bad
2022-06-02,Triumph,F,good
2022-06-02,Oscar,M,bad
2022-06-03,Nibbles,M,good
2022-06-03,Evangeline,F,bad
2022-06-04,Oscar,M,good
2022-06-04,Myrtle,F,bad
2022-06-05,Nibbles,M,good
2022-06-05,Evangeline,F,bad
2022-06-06,Nibbles,M,good
2022-06-06,Evangeline,F,bad
2022-06-07,Nibbles,M,good
2022-06-07,Triumph,F,bad
2022-06-08,Hannah,F,good
2022-06-08,Nibbles,M,bad
2022-06-09,Oscar,M,good
2022-06-09,Triumph,F,bad
2022-06-10,Hannah,F,good
2022-06-10,Nibbles,M,bad
2022-06-11,Nibbles,M,good
2022-06-11,Oscar,M,bad
2022-06-12,Evangeline,F,good
2022-06-12,Oscar,M,bad
2022-06-13,Nibbles,M,good
2022-06-13,Myrtle,F,bad
2022-06-14,Nibbles,M,good
2022-06-14,Myrtle,F,bad
2022-06-15,Nibbles,M,good
2022-06-15,Evangeline,F,bad
2022-06-16,Triumph,F,good
2022-06-16,Myrtle,F,bad
2022-06-17,Hannah,F,good
2022-06-17,Myrtle,F,bad
2022-06-18,Nibbles,M,good
2022-06-18,Myrtle,F,bad
2022-06-19,Myrtle,F,good
2022-06-19,Triumph,F,bad
2022-06-20,Nibbles,M,good
2022-06-20,Myrtle,F,bad
2022-06-21,Hannah,F,good
2022-06-21,Triumph,F,bad
2022-06-22,Oscar,M,good
2022-06-22,Evangeline,F,bad
2022-06-23,Hannah,F,good
2022-06-23,Triumph,F,bad
2022-06-24,Triumph,F,good
2022-06-24,Evangeline,F,bad
2022-06-25,Hannah,F,good
2022-06-26,Oscar,M,good
2022-06-27,Hannah,F,good
2022-06-27,Evangeline,F,bad
2022-06-28,Oscar,M,good
2022-06-29,Oscar,M,good
2022-06-30,Nibbles,M,good
2022-06-30,Hannah,F,bad
2022-07-01,Hannah,F,good
2022-07-01,Triumph,F,bad
2022-07-02,Triumph,F,good
2022-07-02,Myrtle,F,bad
2022-07-03,Hannah,F,good
2022-07-03,Triumph,F,bad
2022-07-04,Oscar,M,good
2022-07-05,Hannah,F,good
2022-07-05,Oscar,M,bad
2022-07-06,Triumph,F,good
2022-07-06,Nibbles,M,bad
2022-07-07,Evangeline,F,good
2022-07-07,Nibbles,M,bad
2022-07-08,Oscar,M,good
2022-07-09,Evangeline,F,good
2022-07-09,Myrtle,F,bad
2022-07-10,Hannah,F,good
2022-07-10,Nibbles,M,bad
2022-07-11,Evangeline,F,good
2022-07-11,Triumph,F,bad
2022-07-12,Hannah,F,good
2022-07-12,Myrtle,F,bad
2022-07-13,Triumph,F,good
2022-07-13,Evangeline,F,bad
2022-07-14,Evangeline,F,good
2022-07-14,Nibbles,M,bad
2022-07-15,Oscar,M,good
2022-07-15,Triumph,F,bad
2022-07-16,Hannah,F,good
2022-07-16,Myrtle,F,bad
2022-07-17,Triumph,F,good
2022-07-18,Evangeline,F,good
2022-07-18,Nibbles,M,bad
2022-07-19,Nibbles,M,good
2022-07-19,Myrtle,F,bad
2022-07-20,Nibbles,M,good
2022-07-20,Triumph,F,bad
2022-07-21,Hannah,F,good
2022-07-21,Nibbles,M,bad
2022-07-22,Hannah,F,good
2022-07-22,Evangeline,F,bad
2022-07-23,Nibbles,M,good
2022-07-23,Triumph,F,bad
2022-07-24,Myrtle,F,good
2022-07-25,Triumph,F,good
2022-07-25,Myrtle,F,bad
2022-07-26,Hannah,F,good
2022-07-26,Triumph,F,bad
2022-07-27,Hannah,F,good
2022-07-27,Oscar,M,bad
2022-07-28,Nibbles,M,good
2022-07-29,Hannah,F,good
2022-07-29,Oscar,M,bad
2022-07-30,Evangeline,F,good
2022-07-31,Evangeline,F,good
2022-07-31,Triumph,F,bad
2022-08-01,Oscar,M,good
2022-08-01,Evangeline,F,bad
2022-08-02,Triumph,F,good
2022-08-02,Evangeline,F,bad
2022-08-03,Evangeline,F,good
2022-08-03,Triumph,F,bad
2022-08-04,Myrtle,F,good
2022-08-05,Hannah,F,good
2022-08-05,Evangeline,F,bad
2022-08-06,Triumph,F,good
2022-08-06,Nibbles,M,bad
2022-08-07,Evangeline,F,good
2022-08-07,Oscar,M,bad
2022-08-08,Nibbles,M,good
2022-08-08,Myrtle,F,bad
2022-08-09,Hannah,F,good
2022-08-09,Myrtle,F,bad
2022-08-10,Hannah,F,good
2022-08-10,Triumph,F,bad
2022-08-11,Hannah,F,good
2022-08-11,Triumph,F,bad
2022-08-12,Nibbles,M,good
2022-08-12,Oscar,M,bad
2022-08-13,Oscar,M,good
2022-08-13,Hannah,F,bad
2022-08-14,Nibbles,M,good
2022-08-14,Evangeline,F,bad
2022-08-15,Hannah,F,good
2022-08-15,Nibbles,M,bad
2022-08-16,Triumph,F,good
2022-08-17,Nibbles,M,good
2022-08-17,Triumph,F,bad
2022-08-18,Oscar,M,good
2022-08-18,Triumph,F,bad
2022-08-19,Evangeline,F,good
2022-08-19,Myrtle,F,bad
2022-08-20,Nibbles,M,good
2022-08-20,Evangeline,F,bad
2022-08-21,Nibbles,M,good
2022-08-21,Myrtle,F,bad
2022-08-22,Triumph,F,good
2022-08-22,Myrtle,F,bad
2022-08-23,Evangeline,F,good
2022-08-23,Myrtle,F,bad
2022-08-24,Triumph,F,good
2022-08-24,Myrtle,F,bad
2022-08-25,Oscar,M,good
2022-08-25,Myrtle,F,bad
2022-08-26,Nibbles,M,good
2022-08-26,Myrtle,F,bad
2022-08-27,Triumph,F,good
2022-08-28,Evangeline,F,good
2022-08-28,Hannah,F,bad
2022-08-29,Evangeline,F,good
2022-08-29,Oscar,M,bad
2022-08-30,Triumph,F,good
2022-08-30,Myrtle,F,bad
2022-08-31,Evangeline,F,good
2022-08-31,Triumph,F,bad
2022-09-01,Nibbles,M,good
2022-09-01,Triumph,F,bad
2022-09-02,Triumph,F,good
2022-09-02,Nibbles,M,bad
2022-09-03,Nibbles,M,good
2022-09-03,Myrtle,F,bad
2022-09-04,Hannah,F,good
2022-09-04,Myrtle,F,bad
2022-09-05,Hannah,F,good
2022-09-05,Myrtle,F,bad
2022-09-06,Oscar,M,good
2022-09-07,Nibbles,M,good
2022-09-07,Myrtle,F,bad
2022-09-08,Nibbles,M,good
2022-09-08,Triumph,F,bad
2022-09-09,Evangeline,F,good
2022-09-10,Nibbles,M,good
2022-09-10,Evangeline,F,bad
2022-09-11,Hannah,F,good
2022-09-11,Myrtle,F,bad
2022-09-12,Hannah,F,good
2022-09-12,Myrtle,F,bad
2022-09-13,Nibbles,M,good
2022-09-13,Myrtle,F,bad
2022-09-14,Nibbles,M,good
2022-09-14,Evangeline,F,bad
2022-09-15,Myrtle,F,good
2022-09-15,Evangeline,F,bad
2022-09-16,Oscar,M,good
2022-09-17,Nibbles,M,good
2022-09-18,Hannah,F,good
2022-09-18,Triumph,F,bad
2022-09-19,Nibbles,M,good
2022-09-20,Oscar,M,good
2022-09-20,Triumph,F,bad
2022-09-21,Evangeline,F,good
2022-09-21,Myrtle,F,bad
2022-09-22,Nibbles,M,good
2022-09-22,Oscar,M,bad
2022-09-23,Nibbles,M,good
2022-09-23,Evangeline,F,bad
2022-09-24,Evangeline,F,good
2022-09-24,Myrtle,F,bad
2022-09-25,Nibbles,M,good
2022-09-25,Myrtle,F,bad
2022-09-26,Hannah,F,good
2022-09-26,Myrtle,F,bad
2022-09-27,Nibbles,M,good
2022-09-27,Myrtle,F,bad
2022-09-28,Nibbles,M,good
2022-09-28,Oscar,M,bad
2022-09-29,Evangeline,F,good
2022-09-29,Myrtle,F,bad
2022-09-30,Oscar,M,good
2022-09-30,Myrtle,F,bad
2022-10-01,Nibbles,M,good
2022-10-01,Triumph,F,bad
2022-10-02,Hannah,F,good
2022-10-02,Triumph,F,bad
2022-10-03,Oscar,M,good
2022-10-03,Evangeline,F,bad
2022-10-04,Nibbles,M,good
2022-10-04,Evangeline,F,bad
2022-10-05,Triumph,F,good
2022-10-05,Nibbles,M,bad
2022-10-06,Nibbles,M,good
2022-10-06,Triumph,F,bad
2022-10-07,Oscar,M,good
2022-10-07,Myrtle,F,bad
2022-10-08,Oscar,M,good
2022-10-08,Triumph,F,bad
2022-10-09,Evangeline,F,good
2022-10-10,Evangeline,F,good
2022-10-10,Myrtle,F,bad
2022-10-11,Oscar,M,good
2022-10-12,Nibbles,M,good
2022-10-12,Myrtle,F,bad
2022-10-13,Evangeline,F,good
2022-10-13,Triumph,F,bad
2022-10-14,Oscar,M,good
2022-10-15,Nibbles,M,good
2022-10-15,Evangeline,F,bad
2022-10-16,Nibbles,M,good
2022-10-16,Myrtle,F,bad
2022-10-17,Evangeline,F,good
2022-10-17,Myrtle,F,bad
2022-10-18,Nibbles,M,good
2022-10-18,Myrtle,F,bad
2022-10-19,Evangeline,F,good
2022-10-19,Oscar,M,bad
2022-10-20,Oscar,M,good
2022-10-20,Nibbles,M,bad
2022-10-21,Hannah,F,good
2022-10-21,Oscar,M,bad
2022-10-22,Hannah,F,good
2022-10-22,Triumph,F,bad
2022-10-23,Nibbles,M,good
2022-10-23,Triumph,F,bad
2022-10-24,Triumph,F,good
2022-10-24,Oscar,M,bad
2022-10-25,Hannah,F,good
2022-10-25,Myrtle,F,bad
2022-10-26,Hannah,F,good
2022-10-26,Myrtle,F,bad
2022-10-27,Hannah,F,good
2022-10-27,Triumph,F,bad
2022-10-28,Nibbles,M,good
2022-10-28,Myrtle,F,bad
2022-10-29,Nibbles,M,good
2022-10-29,Myrtle,F,bad
2022-10-30,Nibbles,M,good
2022-10-30,Evangeline,F,bad
2022-10-31,Nibbles,M,good
2022-10-31,Myrtle,F,bad
2022-11-01,Hannah,F,good
2022-11-01,Myrtle,F,bad
2022-11-02,Oscar,M,good
2022-11-02,Myrtle,F,bad
2022-11-03,Triumph,F,good
2022-11-04,Hannah,F,good
2022-11-04,Nibbles,M,bad
2022-11-05,Oscar,M,good
2022-11-05,Triumph,F,bad
2022-11-06,Nibbles,M,good
2022-11-06,Triumph,F,bad
2022-11-07,Oscar,M,good
2022-11-07,Triumph,F,bad
2022-11-08,Oscar,M,good
2022-11-08,Triumph,F,bad
2022-11-09,Hannah,F,good
2022-11-09,Myrtle,F,bad
2022-11-10,Nibbles,M,good
2022-11-10,Triumph,F,bad
2022-11-11,Hannah,F,good
2022-11-11,Myrtle,F,bad
2022-11-12,Hannah,F,good
2022-11-12,Triumph,F,bad
2022-11-13,Nibbles,M,good
2022-11-13,Evangeline,F,bad
2022-11-14,Hannah,F,good
2022-11-14,Triumph,F,bad
2022-11-15,Nibbles,M,good
2022-11-15,Evangeline,F,bad
2022-11-16,Hannah,F,good
2022-11-16,Myrtle,F,bad
2022-11-17,Nibbles,M,good
2022-11-18,Hannah,F,good
2022-11-18,Oscar,M,bad
2022-11-19,Nibbles,M,good
2022-11-19,Evangeline,F,bad
2022-11-20,Oscar,M,good
2022-11-20,Myrtle,F,bad
2022-11-21,Oscar,M,good
2022-11-21,Myrtle,F,bad
2022-11-22,Triumph,F,good
2022-11-22,Evangeline,F,bad
2022-11-23,Hannah,F,good
2022-11-23,Oscar,M,bad
2022-11-24,Triumph,F,good
2022-11-25,Evangeline,F,good
2022-11-25,Myrtle,F,bad
2022-11-26,Evangeline,F,good
2022-11-26,Myrtle,F,bad
2022-11-27,Oscar,M,good
2022-11-27,Nibbles,M,bad
2022-11-28,Triumph,F,good
2022-11-28,Evangeline,F,bad
2022-11-29,Hannah,F,good
2022-11-29,Triumph,F,bad
2022-11-30,Oscar,M,good
2022-12-01,Nibbles,M,good
2022-12-01,Myrtle,F,bad
2022-12-02,Hannah,F,good
2022-12-02,Oscar,M,bad
2022-12-03,Evangeline,F,good
2022-12-03,Myrtle,F,bad
2022-12-04,Oscar,M,good
2022-12-04,Myrtle,F,bad
2022-12-05,Evangeline,F,good
2022-12-05,Myrtle,F,bad
2022-12-06,Triumph,F,good
2022-12-06,Oscar,M,bad
2022-12-07,Nibbles,M,good
2022-12-07,Myrtle,F,bad
2022-12-08,Nibbles,M,good
2022-12-08,Oscar,M,bad
2022-12-09,Evangeline,F,good
2022-12-09,Triumph,F,bad
2022-12-10,Nibbles,M,good
2022-12-10,Triumph,F,bad
2022-12-11,Evangeline,F,good
2022-12-11,Oscar,M,bad
2022-12-12,Nibbles,M,good
2022-12-12,Evangeline,F,bad
2022-12-13,Hannah,F,good
2022-12-13,Nibbles,M,bad
2022-12-14,Evangeline,F,good
2022-12-14,Myrtle,F,bad
2022-12-15,Nibbles,M,good
2022-12-16,Triumph,F,good
2022-12-16,Myrtle,F,bad
2022-12-17,Hannah,F,good
2022-12-17,Myrtle,F,bad
2022-12-18,Oscar,M,good
2022-12-18,Triumph,F,bad
2022-12-19,Nibbles,M,good
2022-12-19,Oscar,M,bad
2022-12-20,Hannah,F,good
2022-12-20,Nibbles,M,bad
2022-12-21,Hannah,F,good
2022-12-21,Nibbles,M,bad
2022-12-22,Triumph,F,good
2022-12-22,Myrtle,F,bad
2022-12-23,Evangeline,F,good
2022-12-23,Myrtle,F,bad
2022-12-24,Evangeline,F,good
2022-12-25,Nibbles,M,good
2022-12-25,Oscar,M,bad
2022-12-26,Nibbles,M,good
2022-12-26,Myrtle,F,bad
2022-12-27,Nibbles,M,good
2022-12-27,Myrtle,F,bad
2022-12-28,Hannah,F,good
2022-12-28,Oscar,M,bad
2022-12-29,Evangeline,F,good
2022-12-29,Triumph,F,bad
2022-12-30,Oscar,M,good
2022-12-30,Triumph,F,bad
2022-12-31,Hannah,F,good
2022-12-31,Myrtle,F,bad
2023-01-01,Triumph,F,good
2023-01-01,Myrtle,F,bad
2023-01-02,Hannah,F,good
2023-01-02,Myrtle,F,bad
2023-01-03,Nibbles,M,good
2023-01-04,Triumph,F,good
2023-01-05,Oscar,M,good
2023-01-05,Myrtle,F,bad
2023-01-06,Evangeline,F,good
2023-01-06,Triumph,F,bad
2023-01-07,Triumph,F,good
2023-01-07,Myrtle,F,bad
2023-01-08,Nibbles,M,good
2023-01-08,Evangeline,F,bad
2023-01-09,Hannah,F,good
2023-01-10,Oscar,M,good
2023-01-10,Triumph,F,bad
2023-01-11,Oscar,M,good
2023-01-11,Myrtle,F,bad
2023-01-12,Hannah,F,good
2023-01-12,Oscar,M,bad
2023-01-13,Hannah,F,good
2023-01-13,Evangeline,F,bad
2023-01-14,Evangeline,F,good
2023-01-14,Myrtle,F,bad
2023-01-15,Nibbles,M,good
2023-01-15,Oscar,M,bad
2023-01-16,Hannah,F,good
2023-01-16,Myrtle,F,bad
2023-01-17,Hannah,F,good
2023-01-17,Myrtle,F,bad
2023-01-18,Triumph,F,good
2023-01-18,Myrtle,F,bad
2023-01-19,Nibbles,M,good
2023-01-19,Triumph,F,bad
2023-01-20,Hannah,F,good
2023-01-20,Myrtle,F,bad
2023-01-21,Hannah,F,good
2023-01-21,Myrtle,F,bad
2023-01-22,Nibbles,M,good
2023-01-23,Evangeline,F,good
2023-01-23,Oscar,M,bad
2023-01-24,Nibbles,M,good
2023-01-24,Myrtle,F,bad
2023-01-25,Oscar,M,good
2023-01-25,Evangeline,F,bad
2023-01-26,Evangeline,F,good
2023-01-26,Oscar,M,bad
2023-01-27,Nibbles,M,good
2023-01-27,Evangeline,F,bad
2023-01-28,Nibbles,M,good
2023-01-28,Triumph,F,bad
2023-01-29,Oscar,M,good
2023-01-30,Hannah,F,good
2023-01-30,Evangeline,F,bad
2023-01-31,Nibbles,M,good
2023-01-31,Myrtle,F,bad
2023-02-01,Triumph,F,good
2023-02-01,Oscar,M,bad
2023-02-02,Hannah,F,good
2023-02-02,Oscar,M,bad
2023-02-03,Nibbles,M,good
2023-02-03,Oscar,M,bad
2023-02-04,Hannah,F,good
2023-02-04,Myrtle,F,bad
2023-02-05,Nibbles,M,good
2023-02-05,Myrtle,F,bad
2023-02-06,Triumph,F,good
2023-02-06,Oscar,M,bad
2023-02-07,Oscar,M,good
2023-02-07,Evangeline,F,bad
2023-02-08,Oscar,M,good
2023-02-09,Nibbles,M,good
2023-02-09,Myrtle,F,bad
2023-02-10,Oscar,M,good
2023-02-10,Evangeline,F,bad
2023-02-11,Hannah,F,good
2023-02-11,Evangeline,F,bad
2023-02-12,Triumph,F,good
2023-02-12,Nibbles,M,bad
2023-02-13,Nibbles,M,good
2023-02-13,Hannah,F,bad
2023-02-14,Oscar,M,good
2023-02-14,Triumph,F,bad
2023-02-15,Evangeline,F,good
2023-02-15,Nibbles,M,bad
2023-02-16,Hannah,F,good
2023-02-16,Triumph,F,bad
2023-02-17,Triumph,F,good
2023-02-17,Evangeline,F,bad
2023-02-18,Nibbles,M,good
2023-02-18,Evangeline,F,bad
2023-02-19,Oscar,M,good
2023-02-19,Nibbles,M,bad
2023-02-20,Oscar,M,good
2023-02-20,Myrtle,F,bad
2023-02-21,Oscar,M,good
2023-02-22,Hannah,F,good
2023-02-23,Triumph,F,good
2023-02-23,Nibbles,M,bad
2023-02-24,Oscar,M,good
2023-02-24,Triumph,F,bad
2023-02-25,Hannah,F,good
2023-02-25,Triumph,F,bad
2023-02-26,Triumph,F,good
2023-02-27,Triumph,F,good
2023-02-27,Oscar,M,bad
2023-02-28,Oscar,M,good
2023-03-01,Nibbles,M,good
2023-03-01,Oscar,M,bad
2023-03-02,Nibbles,M,good
2023-03-02,Oscar,M,bad
2023-03-03,Evangeline,F,good
2023-03-03,Triumph,F,bad
2023-03-04,Evangeline,F,good
2023-03-04,Myrtle,F,bad
2023-03-05,Oscar,M,good
2023-03-05,Myrtle,F,bad
2023-03-06,Nibbles,M,good
2023-03-06,Myrtle,F,bad
2023-03-07,Hannah,F,good
2023-03-07,Myrtle,F,bad
2023-03-08,Nibbles,M,good
2023-03-08,Evangeline,F,bad
2023-03-09,Triumph,F,good
2023-03-09,Myrtle,F,bad
2023-03-10,Oscar,M,good
2023-03-10,Myrtle,F,bad
2023-03-11,Nibbles,M,good
2023-03-11,Oscar,M,bad
2023-03-12,Hannah,F,good
2023-03-12,Triumph,F,bad
2023-03-13,Hannah,F,good
2023-03-13,Myrtle,F,bad
2023-03-14,Hannah,F,good
2023-03-14,Nibbles,M,bad
2023-03-15,Nibbles,M,good
2023-03-15,Myrtle,F,bad
2023-03-16,Nibbles,M,good
2023-03-16,Myrtle,F,bad
2023-03-17,Nibbles,M,good
2023-03-17,Triumph,F,bad
2023-03-18,Triumph,F,good
2023-03-18,Myrtle,F,bad
2023-03-19,Oscar,M,good
2023-03-19,Myrtle,F,bad
2023-03-20,Evangeline,F,good
2023-03-20,Myrtle,F,bad
2023-03-21,Hannah,F,good
2023-03-21,Triumph,F,bad
2023-03-22,Nibbles,M,good
2023-03-22,Oscar,M,bad
2023-03-23,Oscar,M,good
2023-03-23,Myrtle,F,bad
2023-03-24,Triumph,F,good
2023-03-24,Myrtle,F,bad
2023-03-25,Oscar,M,good
2023-03-26,Triumph,F,good
2023-03-26,Oscar,M,bad
2023-03-27,Nibbles,M,good
2023-03-27,Oscar,M,bad
2023-03-28,Hannah,F,good
2023-03-28,Triumph,F,bad
2023-03-29,Nibbles,M,good
2023-03-29,Evangeline,F,bad
2023-03-30,Hannah,F,good
2023-03-30,Triumph,F,bad
2023-03-31,Oscar,M,good
2023-03-31,Myrtle,F,bad
2023-04-01,Oscar,M,good
2023-04-01,Triumph,F,bad
2023-04-02,Hannah,F,good
2023-04-02,Evangeline,F,bad
2023-04-03,Triumph,F,good
2023-04-03,Evangeline,F,bad
2023-04-04,Oscar,M,good
2023-04-04,Myrtle,F,bad
2023-04-05,Triumph,F,good
2023-04-06,Oscar,M,good
2023-04-06,Nibbles,M,bad
2023-04-07,Oscar,M,good
2023-04-08,Triumph,F,good
2023-04-08,Oscar,M,bad
2023-04-09,Hannah,F,good
2023-04-09,Myrtle,F,bad
2023-04-10,Oscar,M,good
2023-04-10,Myrtle,F,bad
2023-04-11,Evangeline,F,good
2023-04-11,Triumph,F,bad
2023-04-12,Nibbles,M,good
2023-04-12,Oscar,M,bad
2023-04-13,Evangeline,F,good
2023-04-14,Nibbles,M,good
2023-04-14,Myrtle,F,bad
2023-04-15,Nibbles,M,good
2023-04-15,Myrtle,F,bad
2023-04-16,Hannah,F,good
2023-04-16,Triumph,F,bad
2023-04-17,Nibbles,M,good
2023-04-18,Evangeline,F,good
2023-04-18,Myrtle,F,bad
2023-04-19,Nibbles,M,good
2023-04-19,Myrtle,F,bad
2023-04-20,Triumph,F,good
2023-04-20,Oscar,M,bad
2023-04-21,Triumph,F,good
2023-04-21,Myrtle,F,bad
2023-04-22,Triumph,F,good
2023-04-22,Evangeline,F,bad
2023-04-23,Nibbles,M,good
2023-04-23,Myrtle,F,bad
2023-04-24,Nibbles,M,good
2023-04-24,Myrtle,F,bad
2023-04-25,Hannah,F,good
2023-04-25,Triumph,F,bad
2023-04-26,Evangeline,F,good
2023-04-26,Triumph,F,bad
2023-04-27,Hannah,F,good
2023-04-27,Evangeline,F,bad
2023-04-28,Hannah,F,good
2023-04-28,Myrtle,F,bad
2023-04-29,Oscar,M,good
2023-04-29,Evangeline,F,bad
2023-04-30,Hannah,F,good
2023-04-30,Oscar,M,bad
2023-05-01,Evangeline,F,good
2023-05-01,Myrtle,F,bad
2023-05-02,Oscar,M,good
2023-05-03,Evangeline,F,good
2023-05-04,Hannah,F,good
2023-05-04,Evangeline,F,bad
2023-05-05,Triumph,F,good
2023-05-05,Nibbles,M,bad
2023-05-06,Hannah,F,good
2023-05-06,Triumph,F,bad
2023-05-07,Nibbles,M,good
2023-05-07,Myrtle,F,bad
2023-05-08,Oscar,M,good
2023-05-08,Triumph,F,bad
2023-05-09,Triumph,F,good
2023-05-09,Myrtle,F,bad
2023-05-10,Nibbles,M,good
2023-05-10,Triumph,F,bad
2023-05-11,Nibbles,M,good
2023-05-11,Triumph,F,bad
2023-05-12,Oscar,M,good
2023-05-12,Triumph,F,bad
2023-05-13,Nibbles,M,good
2023-05-14,Hannah,F,good
2023-05-14,Myrtle,F,bad
2023-05-15,Oscar,M,good
2023-05-15,Evangeline,F,bad
2023-05-16,Oscar,M,good
2023-05-17,Nibbles,M,good
2023-05-17,Evangeline,F,bad
2023-05-18,Hannah,F,good
2023-05-18,Myrtle,F,bad
2023-05-19,Oscar,M,good
2023-05-20,Myrtle,F,good
2023-05-20,Evangeline,F,bad
2023-05-21,Hannah,F,good
2023-05-21,Evangeline,F,bad
2023-05-22,Nibbles,M,good
2023-05-22,Oscar,M,bad
2023-05-23,Oscar,M,good
2023-05-23,Myrtle,F,bad
2023-05-24,Nibbles,M,good
2023-05-24,Oscar,M,bad
2023-05-25,Hannah,F,good
2023-05-25,Myrtle,F,bad
2023-05-26,Evangeline,F,good
2023-05-26,Myrtle,F,bad
2023-05-27,Nibbles,M,good
2023-05-27,Evangeline,F,bad
2023-05-28,Nibbles,M,good
2023-05-28,Myrtle,F,bad
2023-05-29,Hannah,F,good
2023-05-29,Triumph,F,bad
2023-05-30,Triumph,F,good
2023-05-30,Nibbles,M,bad
2023-05-31,Oscar,M,good
2023-05-31,Evangeline,F,bad
2023-06-01,Nibbles,M,good
2023-06-01,Triumph,F,bad
2023-06-02,Nibbles,M,good
2023-06-02,Oscar,M,bad
2023-06-03,Hannah,F,good
2023-06-03,Oscar,M,bad
2023-06-04,Nibbles,M,good
2023-06-04,Oscar,M,bad
2023-06-05,Hannah,F,good
2023-06-05,Myrtle,F,bad
2023-06-06,Hannah,F,good
2023-06-06,Myrtle,F,bad
2023-06-07,Hannah,F,good
2023-06-07,Triumph,F,bad
2023-06-08,Hannah,F,good
2023-06-08,Myrtle,F,bad
2023-06-09,Nibbles,M,good
2023-06-09,Myrtle,F,bad
2023-06-10,Nibbles,M,good
2023-06-10,Myrtle,F,bad
2023-06-11,Oscar,M,good
2023-06-11,Triumph,F,bad
2023-06-12,Nibbles,M,good
2023-06-12,Myrtle,F,bad
2023-06-13,Evangeline,F,good
2023-06-13,Triumph,F,bad
2023-06-14,Hannah,F,good
2023-06-14,Myrtle,F,bad
2023-06-15,Nibbles,M,good
2023-06-15,Evangeline,F,bad
2023-06-16,Hannah,F,good
2023-06-16,Triumph,F,bad
2023-06-17,Nibbles,M,good
2023-06-17,Myrtle,F,bad
2023-06-18,Nibbles,M,good
2023-06-18,Triumph,F,bad
2023-06-19,Evangeline,F,good
2023-06-19,Triumph,F,bad
2023-06-20,Hannah,F,good
2023-06-20,Myrtle,F,bad
2023-06-21,Hannah,F,good
2023-06-21,Myrtle,F,bad
2023-06-22,Hannah,F,good
2023-06-22,Triumph,F,bad
2023-06-23,Hannah,F,good
2023-06-23,Nibbles,M,bad
2023-06-24,Evangeline,F,good
2023-06-24,Myrtle,F,bad
2023-06-25,Oscar,M,good
2023-06-25,Triumph,F,bad
2023-06-26,Hannah,F,good
2023-06-26,Oscar,M,bad
2023-06-27,Hannah,F,good
2023-06-27,Oscar,M,bad
2023-06-28,Oscar,M,good
2023-06-28,Myrtle,F,bad
2023-06-29,Evangeline,F,good
2023-06-29,Myrtle,F,bad
2023-06-30,Hannah,F,good
2023-06-30,Triumph,F,bad
2023-07-01,Oscar,M,good
2023-07-01,Triumph,F,bad
2023-07-02,Oscar,M,good
2023-07-03,Hannah,F,good
2023-07-03,Triumph,F,bad
2023-07-04,Evangeline,F,good
2023-07-04,Triumph,F,bad
2023-07-05,Nibbles,M,good
2023-07-05,Myrtle,F,bad
2023-07-06,Triumph,F,good
2023-07-07,Triumph,F,good
2023-07-08,Nibbles,M,good
2023-07-08,Oscar,M,bad
2023-07-09,Triumph,F,good
2023-07-09,Myrtle,F,bad
2023-07-10,Nibbles,M,good
2023-07-10,Oscar,M,bad
2023-07-11,Oscar,M,good
2023-07-11,Myrtle,F,bad
2023-07-12,Nibbles,M,good
2023-07-12,Myrtle,F,bad
2023-07-13,Hannah,F,good
2023-07-13,Triumph,F,bad
2023-07-14,Hannah,F,good
2023-07-14,Myrtle,F,bad
2023-07-15,Oscar,M,good
2023-07-15,Triumph,F,bad
2023-07-16,Hannah,F,good
2023-07-16,Evangeline,F,bad
2023-07-17,Evangeline,F,good
2023-07-17,Myrtle,F,bad
2023-07-18,Hannah,F,good
2023-07-18,Myrtle,F,bad
2023-07-19,Oscar,M,good
2023-07-20,Hannah,F,good
2023-07-20,Triumph,F,bad
2023-07-21,Triumph,F,good
2023-07-21,Evangeline,F,bad
2023-07-22,Oscar,M,good
2023-07-22,Myrtle,F,bad
2023-07-23,Nibbles,M,good
2023-07-23,Myrtle,F,bad
2023-07-24,Evangeline,F,good
2023-07-24,Myrtle,F,bad
2023-07-25,Nibbles,M,good
2023-07-25,Myrtle,F,bad
2023-07-26,Nibbles,M,good
2023-07-26,Oscar,M,bad
2023-07-27,Triumph,F,good
2023-07-27,Nibbles,M,bad
2023-07-28,Triumph,F,good
2023-07-28,Oscar,M,bad
2023-07-29,Hannah,F,good
2023-07-29,Nibbles,M,bad
2023-07-30,Hannah,F,good
2023-07-31,Hannah,F,good
2023-07-31,Myrtle,F,bad
2023-08-01,Evangeline,F,good
2023-08-01,Myrtle,F,bad
2023-08-02,Oscar,M,good
2023-08-02,Nibbles,M,bad
